{
    "poisson4parameters": {
        "brier_score": 0.6047512735704733,
        "IGN10": 0.4405109908208589,
        "RPS": 0.22053755035031897,
        "odds_brier": 0.536913768940876,
        "odds_IGN10": 0.39499758113007355,
        "odds_RPS": 0.18678801926644834
    },
    "poisson2params": {
        "brier_score": 0.6003403515054829,
        "IGN10": 0.4359280850310405,
        "RPS": 0.21872514160030287,
        "odds_brier": 0.536913768940876,
        "odds_IGN10": 0.39499758113007355,
        "odds_RPS": 0.18678801926644834
    }
}